https://fkmpimages.flixcart.com/iu-pre-catalog-images-feed/1774869995963-72fddd848ecb45c7-6970FC9D96597C9111E1D888A4F6C255,https://fkmpimages.flixcart.com/iu-pre-catalog-images-feed/1774869995978-72fddd848ecb45c7-E043E2AA537AE1A54E44E679C6A4BB6B,https://fkmpimages.flixcart.com/iu-pre-catalog-images-feed/1774869996016-72fddd848ecb45c7-2CEF5F8275413668068FBD9BD08B0A75,https://fkmpimages.flixcart.com/iu-pre-catalog-images-feed/1774869996072-72fddd848ecb45c7-3CE68E717E4CEB0B82F5348DDCBD199D,https://fkmpimages.flixcart.com/iu-pre-catalog-images-feed/1774869996084-72fddd848ecb45c7-EA2DF60D87AF754EF0368C816A88F53E
https://fkmpimages.flixcart.com/iu-pre-catalog-images-feed/1774869995963-72fddd848ecb45c7-6970FC9D96597C9111E1D888A4F6C255,https://fkmpimages.flixcart.com/iu-pre-catalog-images-feed/1774869995978-72fddd848ecb45c7-E043E2AA537AE1A54E44E679C6A4BB6B,https://fkmpimages.flixcart.com/iu-pre-catalog-images-feed/1774869996016-72fddd848ecb45c7-2CEF5F8275413668068FBD9BD08B0A75,https://fkmpimages.flixcart.com/iu-pre-catalog-images-feed/1774869996072-72fddd848ecb45c7-3CE68E717E4CEB0B82F5348DDCBD199D,https://fkmpimages.flixcart.com/iu-pre-catalog-images-feed/1774869996084-72fddd848ecb45c7-EA2DF60D87AF754EF0368C816A88F53E
https://fkmpimages.flixcart.com/iu-pre-catalog-images-feed/1774869995963-72fddd848ecb45c7-6970FC9D96597C9111E1D888A4F6C255,https://fkmpimages.flixcart.com/iu-pre-catalog-images-feed/1774869995978-72fddd848ecb45c7-E043E2AA537AE1A54E44E679C6A4BB6B,https://fkmpimages.flixcart.com/iu-pre-catalog-images-feed/1774869996016-72fddd848ecb45c7-2CEF5F8275413668068FBD9BD08B0A75,https://fkmpimages.flixcart.com/iu-pre-catalog-images-feed/1774869996072-72fddd848ecb45c7-3CE68E717E4CEB0B82F5348DDCBD199D,https://fkmpimages.flixcart.com/iu-pre-catalog-images-feed/1774869996084-72fddd848ecb45c7-EA2DF60D87AF754EF0368C816A88F53E
https://fkmpimages.flixcart.com/iu-pre-catalog-images-feed/1774869995963-72fddd848ecb45c7-6970FC9D96597C9111E1D888A4F6C255,https://fkmpimages.flixcart.com/iu-pre-catalog-images-feed/1774869995978-72fddd848ecb45c7-E043E2AA537AE1A54E44E679C6A4BB6B,https://fkmpimages.flixcart.com/iu-pre-catalog-images-feed/1774869996016-72fddd848ecb45c7-2CEF5F8275413668068FBD9BD08B0A75,https://fkmpimages.flixcart.com/iu-pre-catalog-images-feed/1774869996072-72fddd848ecb45c7-3CE68E717E4CEB0B82F5348DDCBD199D,https://fkmpimages.flixcart.com/iu-pre-catalog-images-feed/1774869996084-72fddd848ecb45c7-EA2DF60D87AF754EF0368C816A88F53E
https://fkmpimages.flixcart.com/iu-pre-catalog-images-feed/1774869995963-72fddd848ecb45c7-6970FC9D96597C9111E1D888A4F6C255,https://fkmpimages.flixcart.com/iu-pre-catalog-images-feed/1774869995978-72fddd848ecb45c7-E043E2AA537AE1A54E44E679C6A4BB6B,https://fkmpimages.flixcart.com/iu-pre-catalog-images-feed/1774869996016-72fddd848ecb45c7-2CEF5F8275413668068FBD9BD08B0A75,https://fkmpimages.flixcart.com/iu-pre-catalog-images-feed/1774869996072-72fddd848ecb45c7-3CE68E717E4CEB0B82F5348DDCBD199D,https://fkmpimages.flixcart.com/iu-pre-catalog-images-feed/1774869996084-72fddd848ecb45c7-EA2DF60D87AF754EF0368C816A88F53E
https://fkmpimages.flixcart.com/iu-pre-catalog-images-feed/1774869995798-72fddd848ecb45c7-FFCC4AD6D9998973BF1772BB7E83F24B,https://fkmpimages.flixcart.com/iu-pre-catalog-images-feed/1774869995819-72fddd848ecb45c7-04E1EAD7E4DE776BB7E8514405E901F2,https://fkmpimages.flixcart.com/iu-pre-catalog-images-feed/1774869995825-72fddd848ecb45c7-7D539BEED289647237F2F5A79B7CE913,https://fkmpimages.flixcart.com/iu-pre-catalog-images-feed/1774869995856-72fddd848ecb45c7-DF4C7DD96CF1DFAC9E0034F8B8FAB858,https://fkmpimages.flixcart.com/iu-pre-catalog-images-feed/1774869995942-72fddd848ecb45c7-0A084240E6D10C19429A05C8856CDD4C
https://fkmpimages.flixcart.com/iu-pre-catalog-images-feed/1774869995798-72fddd848ecb45c7-FFCC4AD6D9998973BF1772BB7E83F24B,https://fkmpimages.flixcart.com/iu-pre-catalog-images-feed/1774869995819-72fddd848ecb45c7-04E1EAD7E4DE776BB7E8514405E901F2,https://fkmpimages.flixcart.com/iu-pre-catalog-images-feed/1774869995825-72fddd848ecb45c7-7D539BEED289647237F2F5A79B7CE913,https://fkmpimages.flixcart.com/iu-pre-catalog-images-feed/1774869995856-72fddd848ecb45c7-DF4C7DD96CF1DFAC9E0034F8B8FAB858,https://fkmpimages.flixcart.com/iu-pre-catalog-images-feed/1774869995942-72fddd848ecb45c7-0A084240E6D10C19429A05C8856CDD4C
https://fkmpimages.flixcart.com/iu-pre-catalog-images-feed/1774869995798-72fddd848ecb45c7-FFCC4AD6D9998973BF1772BB7E83F24B,https://fkmpimages.flixcart.com/iu-pre-catalog-images-feed/1774869995819-72fddd848ecb45c7-04E1EAD7E4DE776BB7E8514405E901F2,https://fkmpimages.flixcart.com/iu-pre-catalog-images-feed/1774869995825-72fddd848ecb45c7-7D539BEED289647237F2F5A79B7CE913,https://fkmpimages.flixcart.com/iu-pre-catalog-images-feed/1774869995856-72fddd848ecb45c7-DF4C7DD96CF1DFAC9E0034F8B8FAB858,https://fkmpimages.flixcart.com/iu-pre-catalog-images-feed/1774869995942-72fddd848ecb45c7-0A084240E6D10C19429A05C8856CDD4C
https://fkmpimages.flixcart.com/iu-pre-catalog-images-feed/1774869995798-72fddd848ecb45c7-FFCC4AD6D9998973BF1772BB7E83F24B,https://fkmpimages.flixcart.com/iu-pre-catalog-images-feed/1774869995819-72fddd848ecb45c7-04E1EAD7E4DE776BB7E8514405E901F2,https://fkmpimages.flixcart.com/iu-pre-catalog-images-feed/1774869995825-72fddd848ecb45c7-7D539BEED289647237F2F5A79B7CE913,https://fkmpimages.flixcart.com/iu-pre-catalog-images-feed/1774869995856-72fddd848ecb45c7-DF4C7DD96CF1DFAC9E0034F8B8FAB858,https://fkmpimages.flixcart.com/iu-pre-catalog-images-feed/1774869995942-72fddd848ecb45c7-0A084240E6D10C19429A05C8856CDD4C
https://fkmpimages.flixcart.com/iu-pre-catalog-images-feed/1774869995798-72fddd848ecb45c7-FFCC4AD6D9998973BF1772BB7E83F24B,https://fkmpimages.flixcart.com/iu-pre-catalog-images-feed/1774869995819-72fddd848ecb45c7-04E1EAD7E4DE776BB7E8514405E901F2,https://fkmpimages.flixcart.com/iu-pre-catalog-images-feed/1774869995825-72fddd848ecb45c7-7D539BEED289647237F2F5A79B7CE913,https://fkmpimages.flixcart.com/iu-pre-catalog-images-feed/1774869995856-72fddd848ecb45c7-DF4C7DD96CF1DFAC9E0034F8B8FAB858,https://fkmpimages.flixcart.com/iu-pre-catalog-images-feed/1774869995942-72fddd848ecb45c7-0A084240E6D10C19429A05C8856CDD4C
https://fkmpimages.flixcart.com/iu-pre-catalog-images-feed/1774869995660-72fddd848ecb45c7-A187169F8B13CF72B65F0E4E43F54C75,https://fkmpimages.flixcart.com/iu-pre-catalog-images-feed/1774869995660-72fddd848ecb45c7-8EF95ADFAEFED01EBA30B42A6CBDDF82,https://fkmpimages.flixcart.com/iu-pre-catalog-images-feed/1774869995660-72fddd848ecb45c7-C15CC45D9A8197CFCC698AC325C281F9,https://fkmpimages.flixcart.com/iu-pre-catalog-images-feed/1774869995660-72fddd848ecb45c7-09FAEDE485204D20D58826C161CDE5DD,https://fkmpimages.flixcart.com/iu-pre-catalog-images-feed/1774869995660-72fddd848ecb45c7-5CD055B7597B7F6B76714F374A9E0D42
https://fkmpimages.flixcart.com/iu-pre-catalog-images-feed/1774869995660-72fddd848ecb45c7-A187169F8B13CF72B65F0E4E43F54C75,https://fkmpimages.flixcart.com/iu-pre-catalog-images-feed/1774869995660-72fddd848ecb45c7-8EF95ADFAEFED01EBA30B42A6CBDDF82,https://fkmpimages.flixcart.com/iu-pre-catalog-images-feed/1774869995660-72fddd848ecb45c7-C15CC45D9A8197CFCC698AC325C281F9,https://fkmpimages.flixcart.com/iu-pre-catalog-images-feed/1774869995660-72fddd848ecb45c7-09FAEDE485204D20D58826C161CDE5DD,https://fkmpimages.flixcart.com/iu-pre-catalog-images-feed/1774869995660-72fddd848ecb45c7-5CD055B7597B7F6B76714F374A9E0D42
https://fkmpimages.flixcart.com/iu-pre-catalog-images-feed/1774869995660-72fddd848ecb45c7-A187169F8B13CF72B65F0E4E43F54C75,https://fkmpimages.flixcart.com/iu-pre-catalog-images-feed/1774869995660-72fddd848ecb45c7-8EF95ADFAEFED01EBA30B42A6CBDDF82,https://fkmpimages.flixcart.com/iu-pre-catalog-images-feed/1774869995660-72fddd848ecb45c7-C15CC45D9A8197CFCC698AC325C281F9,https://fkmpimages.flixcart.com/iu-pre-catalog-images-feed/1774869995660-72fddd848ecb45c7-09FAEDE485204D20D58826C161CDE5DD,https://fkmpimages.flixcart.com/iu-pre-catalog-images-feed/1774869995660-72fddd848ecb45c7-5CD055B7597B7F6B76714F374A9E0D42
https://fkmpimages.flixcart.com/iu-pre-catalog-images-feed/1774869995660-72fddd848ecb45c7-A187169F8B13CF72B65F0E4E43F54C75,https://fkmpimages.flixcart.com/iu-pre-catalog-images-feed/1774869995660-72fddd848ecb45c7-8EF95ADFAEFED01EBA30B42A6CBDDF82,https://fkmpimages.flixcart.com/iu-pre-catalog-images-feed/1774869995660-72fddd848ecb45c7-C15CC45D9A8197CFCC698AC325C281F9,https://fkmpimages.flixcart.com/iu-pre-catalog-images-feed/1774869995660-72fddd848ecb45c7-09FAEDE485204D20D58826C161CDE5DD,https://fkmpimages.flixcart.com/iu-pre-catalog-images-feed/1774869995660-72fddd848ecb45c7-5CD055B7597B7F6B76714F374A9E0D42
https://fkmpimages.flixcart.com/iu-pre-catalog-images-feed/1774869995660-72fddd848ecb45c7-A187169F8B13CF72B65F0E4E43F54C75,https://fkmpimages.flixcart.com/iu-pre-catalog-images-feed/1774869995660-72fddd848ecb45c7-8EF95ADFAEFED01EBA30B42A6CBDDF82,https://fkmpimages.flixcart.com/iu-pre-catalog-images-feed/1774869995660-72fddd848ecb45c7-C15CC45D9A8197CFCC698AC325C281F9,https://fkmpimages.flixcart.com/iu-pre-catalog-images-feed/1774869995660-72fddd848ecb45c7-09FAEDE485204D20D58826C161CDE5DD,https://fkmpimages.flixcart.com/iu-pre-catalog-images-feed/1774869995660-72fddd848ecb45c7-5CD055B7597B7F6B76714F374A9E0D42
https://fkmpimages.flixcart.com/iu-pre-catalog-images-feed/1774869976741-72fddd848ecb45c7-AC6DF10669B525E0E2EAA2D2CA4B1454,https://fkmpimages.flixcart.com/iu-pre-catalog-images-feed/1774869976768-72fddd848ecb45c7-8088B0ABA6EDA7ADB3202B44CDE027A4,https://fkmpimages.flixcart.com/iu-pre-catalog-images-feed/1774869976771-72fddd848ecb45c7-96D6FA5F53793A1F79E52345C3983542,https://fkmpimages.flixcart.com/iu-pre-catalog-images-feed/1774869976771-72fddd848ecb45c7-F47AB6ACF930C951855A8BAB283AD29A,https://fkmpimages.flixcart.com/iu-pre-catalog-images-feed/1774869976772-72fddd848ecb45c7-3BCE121B046282E144289C184E3E3B7E
https://fkmpimages.flixcart.com/iu-pre-catalog-images-feed/1774869976741-72fddd848ecb45c7-AC6DF10669B525E0E2EAA2D2CA4B1454,https://fkmpimages.flixcart.com/iu-pre-catalog-images-feed/1774869976768-72fddd848ecb45c7-8088B0ABA6EDA7ADB3202B44CDE027A4,https://fkmpimages.flixcart.com/iu-pre-catalog-images-feed/1774869976771-72fddd848ecb45c7-96D6FA5F53793A1F79E52345C3983542,https://fkmpimages.flixcart.com/iu-pre-catalog-images-feed/1774869976771-72fddd848ecb45c7-F47AB6ACF930C951855A8BAB283AD29A,https://fkmpimages.flixcart.com/iu-pre-catalog-images-feed/1774869976772-72fddd848ecb45c7-3BCE121B046282E144289C184E3E3B7E
https://fkmpimages.flixcart.com/iu-pre-catalog-images-feed/1774869976741-72fddd848ecb45c7-AC6DF10669B525E0E2EAA2D2CA4B1454,https://fkmpimages.flixcart.com/iu-pre-catalog-images-feed/1774869976768-72fddd848ecb45c7-8088B0ABA6EDA7ADB3202B44CDE027A4,https://fkmpimages.flixcart.com/iu-pre-catalog-images-feed/1774869976771-72fddd848ecb45c7-96D6FA5F53793A1F79E52345C3983542,https://fkmpimages.flixcart.com/iu-pre-catalog-images-feed/1774869976771-72fddd848ecb45c7-F47AB6ACF930C951855A8BAB283AD29A,https://fkmpimages.flixcart.com/iu-pre-catalog-images-feed/1774869976772-72fddd848ecb45c7-3BCE121B046282E144289C184E3E3B7E
https://fkmpimages.flixcart.com/iu-pre-catalog-images-feed/1774869976741-72fddd848ecb45c7-AC6DF10669B525E0E2EAA2D2CA4B1454,https://fkmpimages.flixcart.com/iu-pre-catalog-images-feed/1774869976768-72fddd848ecb45c7-8088B0ABA6EDA7ADB3202B44CDE027A4,https://fkmpimages.flixcart.com/iu-pre-catalog-images-feed/1774869976771-72fddd848ecb45c7-96D6FA5F53793A1F79E52345C3983542,https://fkmpimages.flixcart.com/iu-pre-catalog-images-feed/1774869976771-72fddd848ecb45c7-F47AB6ACF930C951855A8BAB283AD29A,https://fkmpimages.flixcart.com/iu-pre-catalog-images-feed/1774869976772-72fddd848ecb45c7-3BCE121B046282E144289C184E3E3B7E
https://fkmpimages.flixcart.com/iu-pre-catalog-images-feed/1774869976741-72fddd848ecb45c7-AC6DF10669B525E0E2EAA2D2CA4B1454,https://fkmpimages.flixcart.com/iu-pre-catalog-images-feed/1774869976768-72fddd848ecb45c7-8088B0ABA6EDA7ADB3202B44CDE027A4,https://fkmpimages.flixcart.com/iu-pre-catalog-images-feed/1774869976771-72fddd848ecb45c7-96D6FA5F53793A1F79E52345C3983542,https://fkmpimages.flixcart.com/iu-pre-catalog-images-feed/1774869976771-72fddd848ecb45c7-F47AB6ACF930C951855A8BAB283AD29A,https://fkmpimages.flixcart.com/iu-pre-catalog-images-feed/1774869976772-72fddd848ecb45c7-3BCE121B046282E144289C184E3E3B7E
https://fkmpimages.flixcart.com/iu-pre-catalog-images-feed/1774869976482-72fddd848ecb45c7-92CCA1FF4FDFC940DEA1B6AC2DFA4AB5,https://fkmpimages.flixcart.com/iu-pre-catalog-images-feed/1774869976599-72fddd848ecb45c7-9003479E1E5A8FBE9C44BA82C9A2D511,https://fkmpimages.flixcart.com/iu-pre-catalog-images-feed/1774869976600-72fddd848ecb45c7-9A678DC8B384B805C707656070B7DAE5,https://fkmpimages.flixcart.com/iu-pre-catalog-images-feed/1774869976623-72fddd848ecb45c7-9F0206D717414AFD58E3C2C66924B033,https://fkmpimages.flixcart.com/iu-pre-catalog-images-feed/1774869976624-72fddd848ecb45c7-BB3025D2D1027A5E78D20D18E59E4D97
https://fkmpimages.flixcart.com/iu-pre-catalog-images-feed/1774869976482-72fddd848ecb45c7-92CCA1FF4FDFC940DEA1B6AC2DFA4AB5,https://fkmpimages.flixcart.com/iu-pre-catalog-images-feed/1774869976599-72fddd848ecb45c7-9003479E1E5A8FBE9C44BA82C9A2D511,https://fkmpimages.flixcart.com/iu-pre-catalog-images-feed/1774869976600-72fddd848ecb45c7-9A678DC8B384B805C707656070B7DAE5,https://fkmpimages.flixcart.com/iu-pre-catalog-images-feed/1774869976623-72fddd848ecb45c7-9F0206D717414AFD58E3C2C66924B033,https://fkmpimages.flixcart.com/iu-pre-catalog-images-feed/1774869976624-72fddd848ecb45c7-BB3025D2D1027A5E78D20D18E59E4D97
https://fkmpimages.flixcart.com/iu-pre-catalog-images-feed/1774869976482-72fddd848ecb45c7-92CCA1FF4FDFC940DEA1B6AC2DFA4AB5,https://fkmpimages.flixcart.com/iu-pre-catalog-images-feed/1774869976599-72fddd848ecb45c7-9003479E1E5A8FBE9C44BA82C9A2D511,https://fkmpimages.flixcart.com/iu-pre-catalog-images-feed/1774869976600-72fddd848ecb45c7-9A678DC8B384B805C707656070B7DAE5,https://fkmpimages.flixcart.com/iu-pre-catalog-images-feed/1774869976623-72fddd848ecb45c7-9F0206D717414AFD58E3C2C66924B033,https://fkmpimages.flixcart.com/iu-pre-catalog-images-feed/1774869976624-72fddd848ecb45c7-BB3025D2D1027A5E78D20D18E59E4D97
https://fkmpimages.flixcart.com/iu-pre-catalog-images-feed/1774869976482-72fddd848ecb45c7-92CCA1FF4FDFC940DEA1B6AC2DFA4AB5,https://fkmpimages.flixcart.com/iu-pre-catalog-images-feed/1774869976599-72fddd848ecb45c7-9003479E1E5A8FBE9C44BA82C9A2D511,https://fkmpimages.flixcart.com/iu-pre-catalog-images-feed/1774869976600-72fddd848ecb45c7-9A678DC8B384B805C707656070B7DAE5,https://fkmpimages.flixcart.com/iu-pre-catalog-images-feed/1774869976623-72fddd848ecb45c7-9F0206D717414AFD58E3C2C66924B033,https://fkmpimages.flixcart.com/iu-pre-catalog-images-feed/1774869976624-72fddd848ecb45c7-BB3025D2D1027A5E78D20D18E59E4D97
https://fkmpimages.flixcart.com/iu-pre-catalog-images-feed/1774869976482-72fddd848ecb45c7-92CCA1FF4FDFC940DEA1B6AC2DFA4AB5,https://fkmpimages.flixcart.com/iu-pre-catalog-images-feed/1774869976599-72fddd848ecb45c7-9003479E1E5A8FBE9C44BA82C9A2D511,https://fkmpimages.flixcart.com/iu-pre-catalog-images-feed/1774869976600-72fddd848ecb45c7-9A678DC8B384B805C707656070B7DAE5,https://fkmpimages.flixcart.com/iu-pre-catalog-images-feed/1774869976623-72fddd848ecb45c7-9F0206D717414AFD58E3C2C66924B033,https://fkmpimages.flixcart.com/iu-pre-catalog-images-feed/1774869976624-72fddd848ecb45c7-BB3025D2D1027A5E78D20D18E59E4D97
https://fkmpimages.flixcart.com/iu-pre-catalog-images-feed/1774869976312-72fddd848ecb45c7-46C31A9EE31FAEE5A8DF82922C0687A8,https://fkmpimages.flixcart.com/iu-pre-catalog-images-feed/1774869976326-72fddd848ecb45c7-D8FB27C6D2A8739A6CCC99DF4840EFDF,https://fkmpimages.flixcart.com/iu-pre-catalog-images-feed/1774869976459-72fddd848ecb45c7-C2DF8698EC2D4690BAADC8336DC7E293,https://fkmpimages.flixcart.com/iu-pre-catalog-images-feed/1774869976462-72fddd848ecb45c7-AC343A5C835520606FC8F21A747BDEDE,https://fkmpimages.flixcart.com/iu-pre-catalog-images-feed/1774869976474-72fddd848ecb45c7-8F688C9E25CB77FB6E8D92F37FBDC4BA
https://fkmpimages.flixcart.com/iu-pre-catalog-images-feed/1774869976312-72fddd848ecb45c7-46C31A9EE31FAEE5A8DF82922C0687A8,https://fkmpimages.flixcart.com/iu-pre-catalog-images-feed/1774869976326-72fddd848ecb45c7-D8FB27C6D2A8739A6CCC99DF4840EFDF,https://fkmpimages.flixcart.com/iu-pre-catalog-images-feed/1774869976459-72fddd848ecb45c7-C2DF8698EC2D4690BAADC8336DC7E293,https://fkmpimages.flixcart.com/iu-pre-catalog-images-feed/1774869976462-72fddd848ecb45c7-AC343A5C835520606FC8F21A747BDEDE,https://fkmpimages.flixcart.com/iu-pre-catalog-images-feed/1774869976474-72fddd848ecb45c7-8F688C9E25CB77FB6E8D92F37FBDC4BA
https://fkmpimages.flixcart.com/iu-pre-catalog-images-feed/1774869976312-72fddd848ecb45c7-46C31A9EE31FAEE5A8DF82922C0687A8,https://fkmpimages.flixcart.com/iu-pre-catalog-images-feed/1774869976326-72fddd848ecb45c7-D8FB27C6D2A8739A6CCC99DF4840EFDF,https://fkmpimages.flixcart.com/iu-pre-catalog-images-feed/1774869976459-72fddd848ecb45c7-C2DF8698EC2D4690BAADC8336DC7E293,https://fkmpimages.flixcart.com/iu-pre-catalog-images-feed/1774869976462-72fddd848ecb45c7-AC343A5C835520606FC8F21A747BDEDE,https://fkmpimages.flixcart.com/iu-pre-catalog-images-feed/1774869976474-72fddd848ecb45c7-8F688C9E25CB77FB6E8D92F37FBDC4BA
https://fkmpimages.flixcart.com/iu-pre-catalog-images-feed/1774869976312-72fddd848ecb45c7-46C31A9EE31FAEE5A8DF82922C0687A8,https://fkmpimages.flixcart.com/iu-pre-catalog-images-feed/1774869976326-72fddd848ecb45c7-D8FB27C6D2A8739A6CCC99DF4840EFDF,https://fkmpimages.flixcart.com/iu-pre-catalog-images-feed/1774869976459-72fddd848ecb45c7-C2DF8698EC2D4690BAADC8336DC7E293,https://fkmpimages.flixcart.com/iu-pre-catalog-images-feed/1774869976462-72fddd848ecb45c7-AC343A5C835520606FC8F21A747BDEDE,https://fkmpimages.flixcart.com/iu-pre-catalog-images-feed/1774869976474-72fddd848ecb45c7-8F688C9E25CB77FB6E8D92F37FBDC4BA
https://fkmpimages.flixcart.com/iu-pre-catalog-images-feed/1774869976312-72fddd848ecb45c7-46C31A9EE31FAEE5A8DF82922C0687A8,https://fkmpimages.flixcart.com/iu-pre-catalog-images-feed/1774869976326-72fddd848ecb45c7-D8FB27C6D2A8739A6CCC99DF4840EFDF,https://fkmpimages.flixcart.com/iu-pre-catalog-images-feed/1774869976459-72fddd848ecb45c7-C2DF8698EC2D4690BAADC8336DC7E293,https://fkmpimages.flixcart.com/iu-pre-catalog-images-feed/1774869976462-72fddd848ecb45c7-AC343A5C835520606FC8F21A747BDEDE,https://fkmpimages.flixcart.com/iu-pre-catalog-images-feed/1774869976474-72fddd848ecb45c7-8F688C9E25CB77FB6E8D92F37FBDC4BA
https://fkmpimages.flixcart.com/iu-pre-catalog-images-feed/1774869976123-72fddd848ecb45c7-EB4C630DFE8681FACCD4B0F0A2BD2D93,https://fkmpimages.flixcart.com/iu-pre-catalog-images-feed/1774869976133-72fddd848ecb45c7-B5BDD3110AE0065F9B2E03C9F111DCB3,https://fkmpimages.flixcart.com/iu-pre-catalog-images-feed/1774869976151-72fddd848ecb45c7-08F7B7869324D06DED991B5A9A5597A6,https://fkmpimages.flixcart.com/iu-pre-catalog-images-feed/1774869976290-72fddd848ecb45c7-42B8A7C594276BE7FEDA83844B4308BC,https://fkmpimages.flixcart.com/iu-pre-catalog-images-feed/1774869976300-72fddd848ecb45c7-710784E99E945827E05C1EF67F45792E
https://fkmpimages.flixcart.com/iu-pre-catalog-images-feed/1774869976123-72fddd848ecb45c7-EB4C630DFE8681FACCD4B0F0A2BD2D93,https://fkmpimages.flixcart.com/iu-pre-catalog-images-feed/1774869976133-72fddd848ecb45c7-B5BDD3110AE0065F9B2E03C9F111DCB3,https://fkmpimages.flixcart.com/iu-pre-catalog-images-feed/1774869976151-72fddd848ecb45c7-08F7B7869324D06DED991B5A9A5597A6,https://fkmpimages.flixcart.com/iu-pre-catalog-images-feed/1774869976290-72fddd848ecb45c7-42B8A7C594276BE7FEDA83844B4308BC,https://fkmpimages.flixcart.com/iu-pre-catalog-images-feed/1774869976300-72fddd848ecb45c7-710784E99E945827E05C1EF67F45792E
https://fkmpimages.flixcart.com/iu-pre-catalog-images-feed/1774869976123-72fddd848ecb45c7-EB4C630DFE8681FACCD4B0F0A2BD2D93,https://fkmpimages.flixcart.com/iu-pre-catalog-images-feed/1774869976133-72fddd848ecb45c7-B5BDD3110AE0065F9B2E03C9F111DCB3,https://fkmpimages.flixcart.com/iu-pre-catalog-images-feed/1774869976151-72fddd848ecb45c7-08F7B7869324D06DED991B5A9A5597A6,https://fkmpimages.flixcart.com/iu-pre-catalog-images-feed/1774869976290-72fddd848ecb45c7-42B8A7C594276BE7FEDA83844B4308BC,https://fkmpimages.flixcart.com/iu-pre-catalog-images-feed/1774869976300-72fddd848ecb45c7-710784E99E945827E05C1EF67F45792E
https://fkmpimages.flixcart.com/iu-pre-catalog-images-feed/1774869976123-72fddd848ecb45c7-EB4C630DFE8681FACCD4B0F0A2BD2D93,https://fkmpimages.flixcart.com/iu-pre-catalog-images-feed/1774869976133-72fddd848ecb45c7-B5BDD3110AE0065F9B2E03C9F111DCB3,https://fkmpimages.flixcart.com/iu-pre-catalog-images-feed/1774869976151-72fddd848ecb45c7-08F7B7869324D06DED991B5A9A5597A6,https://fkmpimages.flixcart.com/iu-pre-catalog-images-feed/1774869976290-72fddd848ecb45c7-42B8A7C594276BE7FEDA83844B4308BC,https://fkmpimages.flixcart.com/iu-pre-catalog-images-feed/1774869976300-72fddd848ecb45c7-710784E99E945827E05C1EF67F45792E
https://fkmpimages.flixcart.com/iu-pre-catalog-images-feed/1774869976123-72fddd848ecb45c7-EB4C630DFE8681FACCD4B0F0A2BD2D93,https://fkmpimages.flixcart.com/iu-pre-catalog-images-feed/1774869976133-72fddd848ecb45c7-B5BDD3110AE0065F9B2E03C9F111DCB3,https://fkmpimages.flixcart.com/iu-pre-catalog-images-feed/1774869976151-72fddd848ecb45c7-08F7B7869324D06DED991B5A9A5597A6,https://fkmpimages.flixcart.com/iu-pre-catalog-images-feed/1774869976290-72fddd848ecb45c7-42B8A7C594276BE7FEDA83844B4308BC,https://fkmpimages.flixcart.com/iu-pre-catalog-images-feed/1774869976300-72fddd848ecb45c7-710784E99E945827E05C1EF67F45792E
https://fkmpimages.flixcart.com/iu-pre-catalog-images-feed/1774869975909-72fddd848ecb45c7-9B4FC6F0FE2473079582CAAE89D56D7D,https://fkmpimages.flixcart.com/iu-pre-catalog-images-feed/1774869975909-72fddd848ecb45c7-D791E99DFE6EA846D00BA8DB2B5AF7D7,https://fkmpimages.flixcart.com/iu-pre-catalog-images-feed/1774869975909-72fddd848ecb45c7-49429A25214B5A27A8DC8095D9976469,https://fkmpimages.flixcart.com/iu-pre-catalog-images-feed/1774869975909-72fddd848ecb45c7-67D49834FC3A17C08AFEBD9DD9188955,https://fkmpimages.flixcart.com/iu-pre-catalog-images-feed/1774869975909-72fddd848ecb45c7-C88716780717C775C2157A98D5E4004A
https://fkmpimages.flixcart.com/iu-pre-catalog-images-feed/1774869975909-72fddd848ecb45c7-9B4FC6F0FE2473079582CAAE89D56D7D,https://fkmpimages.flixcart.com/iu-pre-catalog-images-feed/1774869975909-72fddd848ecb45c7-D791E99DFE6EA846D00BA8DB2B5AF7D7,https://fkmpimages.flixcart.com/iu-pre-catalog-images-feed/1774869975909-72fddd848ecb45c7-49429A25214B5A27A8DC8095D9976469,https://fkmpimages.flixcart.com/iu-pre-catalog-images-feed/1774869975909-72fddd848ecb45c7-67D49834FC3A17C08AFEBD9DD9188955,https://fkmpimages.flixcart.com/iu-pre-catalog-images-feed/1774869975909-72fddd848ecb45c7-C88716780717C775C2157A98D5E4004A
https://fkmpimages.flixcart.com/iu-pre-catalog-images-feed/1774869975909-72fddd848ecb45c7-9B4FC6F0FE2473079582CAAE89D56D7D,https://fkmpimages.flixcart.com/iu-pre-catalog-images-feed/1774869975909-72fddd848ecb45c7-D791E99DFE6EA846D00BA8DB2B5AF7D7,https://fkmpimages.flixcart.com/iu-pre-catalog-images-feed/1774869975909-72fddd848ecb45c7-49429A25214B5A27A8DC8095D9976469,https://fkmpimages.flixcart.com/iu-pre-catalog-images-feed/1774869975909-72fddd848ecb45c7-67D49834FC3A17C08AFEBD9DD9188955,https://fkmpimages.flixcart.com/iu-pre-catalog-images-feed/1774869975909-72fddd848ecb45c7-C88716780717C775C2157A98D5E4004A
https://fkmpimages.flixcart.com/iu-pre-catalog-images-feed/1774869975909-72fddd848ecb45c7-9B4FC6F0FE2473079582CAAE89D56D7D,https://fkmpimages.flixcart.com/iu-pre-catalog-images-feed/1774869975909-72fddd848ecb45c7-D791E99DFE6EA846D00BA8DB2B5AF7D7,https://fkmpimages.flixcart.com/iu-pre-catalog-images-feed/1774869975909-72fddd848ecb45c7-49429A25214B5A27A8DC8095D9976469,https://fkmpimages.flixcart.com/iu-pre-catalog-images-feed/1774869975909-72fddd848ecb45c7-67D49834FC3A17C08AFEBD9DD9188955,https://fkmpimages.flixcart.com/iu-pre-catalog-images-feed/1774869975909-72fddd848ecb45c7-C88716780717C775C2157A98D5E4004A
https://fkmpimages.flixcart.com/iu-pre-catalog-images-feed/1774869975909-72fddd848ecb45c7-9B4FC6F0FE2473079582CAAE89D56D7D,https://fkmpimages.flixcart.com/iu-pre-catalog-images-feed/1774869975909-72fddd848ecb45c7-D791E99DFE6EA846D00BA8DB2B5AF7D7,https://fkmpimages.flixcart.com/iu-pre-catalog-images-feed/1774869975909-72fddd848ecb45c7-49429A25214B5A27A8DC8095D9976469,https://fkmpimages.flixcart.com/iu-pre-catalog-images-feed/1774869975909-72fddd848ecb45c7-67D49834FC3A17C08AFEBD9DD9188955,https://fkmpimages.flixcart.com/iu-pre-catalog-images-feed/1774869975909-72fddd848ecb45c7-C88716780717C775C2157A98D5E4004A
https://fkmpimages.flixcart.com/iu-pre-catalog-images-feed/1774869963599-72fddd848ecb45c7-C7D9E0F0D6F275119ACC4DD636846767,https://fkmpimages.flixcart.com/iu-pre-catalog-images-feed/1774869963616-72fddd848ecb45c7-39BEFB77A5C684AA9280103FF051E550,https://fkmpimages.flixcart.com/iu-pre-catalog-images-feed/1774869963626-72fddd848ecb45c7-EB7D89FD141BBB0F652C9520C0C809C8,https://fkmpimages.flixcart.com/iu-pre-catalog-images-feed/1774869963631-72fddd848ecb45c7-2DE105F2C77342E7008891C8713943D4,https://fkmpimages.flixcart.com/iu-pre-catalog-images-feed/1774869963691-72fddd848ecb45c7-89AE8A5392D46FF7EB9DA8E9FF9F515E
https://fkmpimages.flixcart.com/iu-pre-catalog-images-feed/1774869963599-72fddd848ecb45c7-C7D9E0F0D6F275119ACC4DD636846767,https://fkmpimages.flixcart.com/iu-pre-catalog-images-feed/1774869963616-72fddd848ecb45c7-39BEFB77A5C684AA9280103FF051E550,https://fkmpimages.flixcart.com/iu-pre-catalog-images-feed/1774869963626-72fddd848ecb45c7-EB7D89FD141BBB0F652C9520C0C809C8,https://fkmpimages.flixcart.com/iu-pre-catalog-images-feed/1774869963631-72fddd848ecb45c7-2DE105F2C77342E7008891C8713943D4,https://fkmpimages.flixcart.com/iu-pre-catalog-images-feed/1774869963691-72fddd848ecb45c7-89AE8A5392D46FF7EB9DA8E9FF9F515E
https://fkmpimages.flixcart.com/iu-pre-catalog-images-feed/1774869963599-72fddd848ecb45c7-C7D9E0F0D6F275119ACC4DD636846767,https://fkmpimages.flixcart.com/iu-pre-catalog-images-feed/1774869963616-72fddd848ecb45c7-39BEFB77A5C684AA9280103FF051E550,https://fkmpimages.flixcart.com/iu-pre-catalog-images-feed/1774869963626-72fddd848ecb45c7-EB7D89FD141BBB0F652C9520C0C809C8,https://fkmpimages.flixcart.com/iu-pre-catalog-images-feed/1774869963631-72fddd848ecb45c7-2DE105F2C77342E7008891C8713943D4,https://fkmpimages.flixcart.com/iu-pre-catalog-images-feed/1774869963691-72fddd848ecb45c7-89AE8A5392D46FF7EB9DA8E9FF9F515E
https://fkmpimages.flixcart.com/iu-pre-catalog-images-feed/1774869963599-72fddd848ecb45c7-C7D9E0F0D6F275119ACC4DD636846767,https://fkmpimages.flixcart.com/iu-pre-catalog-images-feed/1774869963616-72fddd848ecb45c7-39BEFB77A5C684AA9280103FF051E550,https://fkmpimages.flixcart.com/iu-pre-catalog-images-feed/1774869963626-72fddd848ecb45c7-EB7D89FD141BBB0F652C9520C0C809C8,https://fkmpimages.flixcart.com/iu-pre-catalog-images-feed/1774869963631-72fddd848ecb45c7-2DE105F2C77342E7008891C8713943D4,https://fkmpimages.flixcart.com/iu-pre-catalog-images-feed/1774869963691-72fddd848ecb45c7-89AE8A5392D46FF7EB9DA8E9FF9F515E
https://fkmpimages.flixcart.com/iu-pre-catalog-images-feed/1774869963599-72fddd848ecb45c7-C7D9E0F0D6F275119ACC4DD636846767,https://fkmpimages.flixcart.com/iu-pre-catalog-images-feed/1774869963616-72fddd848ecb45c7-39BEFB77A5C684AA9280103FF051E550,https://fkmpimages.flixcart.com/iu-pre-catalog-images-feed/1774869963626-72fddd848ecb45c7-EB7D89FD141BBB0F652C9520C0C809C8,https://fkmpimages.flixcart.com/iu-pre-catalog-images-feed/1774869963631-72fddd848ecb45c7-2DE105F2C77342E7008891C8713943D4,https://fkmpimages.flixcart.com/iu-pre-catalog-images-feed/1774869963691-72fddd848ecb45c7-89AE8A5392D46FF7EB9DA8E9FF9F515E
https://fkmpimages.flixcart.com/iu-pre-catalog-images-feed/1774869963311-72fddd848ecb45c7-65301FA0E225D392025C37887682E8DF,https://fkmpimages.flixcart.com/iu-pre-catalog-images-feed/1774869963381-72fddd848ecb45c7-CF8678EEDE010AB6AA8924C13861B555,https://fkmpimages.flixcart.com/iu-pre-catalog-images-feed/1774869963398-72fddd848ecb45c7-827D8F857858318E41FE2C9ECE3C04F7,https://fkmpimages.flixcart.com/iu-pre-catalog-images-feed/1774869963427-72fddd848ecb45c7-5B01BA7692E0D053C881D9B0E8BD307E,https://fkmpimages.flixcart.com/iu-pre-catalog-images-feed/1774869963446-72fddd848ecb45c7-5FD3B769A93E6A59DDA6B2432284CFE6
https://fkmpimages.flixcart.com/iu-pre-catalog-images-feed/1774869963311-72fddd848ecb45c7-65301FA0E225D392025C37887682E8DF,https://fkmpimages.flixcart.com/iu-pre-catalog-images-feed/1774869963381-72fddd848ecb45c7-CF8678EEDE010AB6AA8924C13861B555,https://fkmpimages.flixcart.com/iu-pre-catalog-images-feed/1774869963398-72fddd848ecb45c7-827D8F857858318E41FE2C9ECE3C04F7,https://fkmpimages.flixcart.com/iu-pre-catalog-images-feed/1774869963427-72fddd848ecb45c7-5B01BA7692E0D053C881D9B0E8BD307E,https://fkmpimages.flixcart.com/iu-pre-catalog-images-feed/1774869963446-72fddd848ecb45c7-5FD3B769A93E6A59DDA6B2432284CFE6
https://fkmpimages.flixcart.com/iu-pre-catalog-images-feed/1774869963311-72fddd848ecb45c7-65301FA0E225D392025C37887682E8DF,https://fkmpimages.flixcart.com/iu-pre-catalog-images-feed/1774869963381-72fddd848ecb45c7-CF8678EEDE010AB6AA8924C13861B555,https://fkmpimages.flixcart.com/iu-pre-catalog-images-feed/1774869963398-72fddd848ecb45c7-827D8F857858318E41FE2C9ECE3C04F7,https://fkmpimages.flixcart.com/iu-pre-catalog-images-feed/1774869963427-72fddd848ecb45c7-5B01BA7692E0D053C881D9B0E8BD307E,https://fkmpimages.flixcart.com/iu-pre-catalog-images-feed/1774869963446-72fddd848ecb45c7-5FD3B769A93E6A59DDA6B2432284CFE6
https://fkmpimages.flixcart.com/iu-pre-catalog-images-feed/1774869963311-72fddd848ecb45c7-65301FA0E225D392025C37887682E8DF,https://fkmpimages.flixcart.com/iu-pre-catalog-images-feed/1774869963381-72fddd848ecb45c7-CF8678EEDE010AB6AA8924C13861B555,https://fkmpimages.flixcart.com/iu-pre-catalog-images-feed/1774869963398-72fddd848ecb45c7-827D8F857858318E41FE2C9ECE3C04F7,https://fkmpimages.flixcart.com/iu-pre-catalog-images-feed/1774869963427-72fddd848ecb45c7-5B01BA7692E0D053C881D9B0E8BD307E,https://fkmpimages.flixcart.com/iu-pre-catalog-images-feed/1774869963446-72fddd848ecb45c7-5FD3B769A93E6A59DDA6B2432284CFE6
https://fkmpimages.flixcart.com/iu-pre-catalog-images-feed/1774869963311-72fddd848ecb45c7-65301FA0E225D392025C37887682E8DF,https://fkmpimages.flixcart.com/iu-pre-catalog-images-feed/1774869963381-72fddd848ecb45c7-CF8678EEDE010AB6AA8924C13861B555,https://fkmpimages.flixcart.com/iu-pre-catalog-images-feed/1774869963398-72fddd848ecb45c7-827D8F857858318E41FE2C9ECE3C04F7,https://fkmpimages.flixcart.com/iu-pre-catalog-images-feed/1774869963427-72fddd848ecb45c7-5B01BA7692E0D053C881D9B0E8BD307E,https://fkmpimages.flixcart.com/iu-pre-catalog-images-feed/1774869963446-72fddd848ecb45c7-5FD3B769A93E6A59DDA6B2432284CFE6
